marginal_distinct_cnt,condition,round,network_size,id
6,treatment,2,1,ego_trt_1
3,treatment,2,2,ego_trt_2
3,treatment,2,3,ego_trt_3
1,treatment,2,4,ego_trt_4
3,treatment,2,5,ego_trt_5
2,treatment,2,6,ego_trt_6
3,treatment,2,7,ego_trt_7
3,treatment,2,8,ego_trt_8
3,treatment,2,9,ego_trt_9
3,treatment,2,10,ego_trt_10
4,treatment,2,11,ego_trt_11
1,treatment,2,12,ego_trt_12
1,treatment,2,13,ego_trt_13
1,treatment,2,14,ego_trt_14
4,treatment,2,15,ego_trt_15
0,treatment,2,16,ego_trt_16
3,treatment,2,17,ego_trt_17
3,treatment,2,18,ego_trt_18
5,treatment,3,1,ego_trt_1
2,treatment,3,2,ego_trt_2
5,treatment,3,3,ego_trt_3
2,treatment,3,4,ego_trt_4
4,treatment,3,5,ego_trt_5
6,treatment,3,6,ego_trt_6
5,treatment,3,7,ego_trt_7
2,treatment,3,8,ego_trt_8
2,treatment,3,9,ego_trt_9
3,treatment,3,10,ego_trt_10
3,treatment,3,11,ego_trt_11
1,treatment,3,12,ego_trt_12
1,treatment,3,13,ego_trt_13
1,treatment,3,14,ego_trt_14
4,treatment,3,15,ego_trt_15
2,treatment,3,16,ego_trt_16
5,treatment,3,17,ego_trt_17
1,treatment,3,18,ego_trt_18
6,treatment,4,1,ego_trt_1
4,treatment,4,2,ego_trt_2
4,treatment,4,3,ego_trt_3
4,treatment,4,4,ego_trt_4
6,treatment,4,5,ego_trt_5
2,treatment,4,6,ego_trt_6
6,treatment,4,7,ego_trt_7
5,treatment,4,8,ego_trt_8
3,treatment,4,9,ego_trt_9
4,treatment,4,10,ego_trt_10
4,treatment,4,11,ego_trt_11
1,treatment,4,12,ego_trt_12
1,treatment,4,13,ego_trt_13
1,treatment,4,14,ego_trt_14
2,treatment,4,15,ego_trt_15
0,treatment,4,16,ego_trt_16
4,treatment,4,17,ego_trt_17
3,treatment,4,18,ego_trt_18
6,treatment,5,1,ego_trt_1
4,treatment,5,2,ego_trt_2
4,treatment,5,3,ego_trt_3
3,treatment,5,4,ego_trt_4
1,treatment,5,5,ego_trt_5
4,treatment,5,6,ego_trt_6
5,treatment,5,7,ego_trt_7
5,treatment,5,8,ego_trt_8
3,treatment,5,9,ego_trt_9
2,treatment,5,10,ego_trt_10
3,treatment,5,11,ego_trt_11
1,treatment,5,12,ego_trt_12
3,treatment,5,13,ego_trt_13
0,treatment,5,14,ego_trt_14
6,treatment,5,15,ego_trt_15
4,treatment,5,16,ego_trt_16
6,treatment,5,17,ego_trt_17
4,treatment,5,18,ego_trt_18
6,treatment,2,1,ego_trt_19
5,treatment,2,2,ego_trt_20
3,treatment,2,3,ego_trt_21
4,treatment,2,4,ego_trt_22
3,treatment,2,5,ego_trt_23
3,treatment,2,6,ego_trt_24
3,treatment,2,7,ego_trt_25
2,treatment,2,8,ego_trt_26
5,treatment,2,9,ego_trt_27
2,treatment,2,10,ego_trt_28
4,treatment,2,11,ego_trt_29
4,treatment,2,12,ego_trt_30
2,treatment,2,13,ego_trt_31
1,treatment,2,14,ego_trt_32
1,treatment,2,15,ego_trt_33
1,treatment,2,16,ego_trt_34
6,treatment,2,17,ego_trt_35
1,treatment,2,18,ego_trt_36
6,treatment,3,1,ego_trt_19
5,treatment,3,2,ego_trt_20
5,treatment,3,3,ego_trt_21
2,treatment,3,4,ego_trt_22
4,treatment,3,5,ego_trt_23
3,treatment,3,6,ego_trt_24
4,treatment,3,7,ego_trt_25
4,treatment,3,8,ego_trt_26
5,treatment,3,9,ego_trt_27
2,treatment,3,10,ego_trt_28
3,treatment,3,11,ego_trt_29
6,treatment,3,12,ego_trt_30
1,treatment,3,13,ego_trt_31
4,treatment,3,14,ego_trt_32
3,treatment,3,15,ego_trt_33
2,treatment,3,16,ego_trt_34
1,treatment,3,17,ego_trt_35
3,treatment,3,18,ego_trt_36
6,treatment,4,1,ego_trt_19
6,treatment,4,2,ego_trt_20
4,treatment,4,3,ego_trt_21
4,treatment,4,4,ego_trt_22
3,treatment,4,5,ego_trt_23
3,treatment,4,6,ego_trt_24
4,treatment,4,7,ego_trt_25
3,treatment,4,8,ego_trt_26
5,treatment,4,9,ego_trt_27
2,treatment,4,10,ego_trt_28
2,treatment,4,11,ego_trt_29
4,treatment,4,12,ego_trt_30
2,treatment,4,13,ego_trt_31
2,treatment,4,14,ego_trt_32
2,treatment,4,15,ego_trt_33
3,treatment,4,16,ego_trt_34
2,treatment,4,17,ego_trt_35
1,treatment,4,18,ego_trt_36
6,treatment,5,1,ego_trt_19
3,treatment,5,2,ego_trt_20
5,treatment,5,3,ego_trt_21
3,treatment,5,4,ego_trt_22
5,treatment,5,5,ego_trt_23
3,treatment,5,6,ego_trt_24
3,treatment,5,7,ego_trt_25
5,treatment,5,8,ego_trt_26
4,treatment,5,9,ego_trt_27
3,treatment,5,10,ego_trt_28
4,treatment,5,11,ego_trt_29
3,treatment,5,12,ego_trt_30
1,treatment,5,13,ego_trt_31
3,treatment,5,14,ego_trt_32
1,treatment,5,15,ego_trt_33
2,treatment,5,16,ego_trt_34
4,treatment,5,17,ego_trt_35
2,treatment,5,18,ego_trt_36
4,treatment,2,1,ego_trt_37
4,treatment,2,2,ego_trt_38
3,treatment,2,3,ego_trt_39
2,treatment,2,4,ego_trt_40
2,treatment,2,5,ego_trt_41
3,treatment,2,6,ego_trt_42
3,treatment,2,7,ego_trt_43
1,treatment,2,8,ego_trt_44
4,treatment,2,9,ego_trt_45
4,treatment,2,10,ego_trt_46
1,treatment,2,11,ego_trt_47
0,treatment,2,12,ego_trt_48
2,treatment,2,13,ego_trt_49
1,treatment,2,14,ego_trt_50
2,treatment,2,15,ego_trt_51
4,treatment,2,16,ego_trt_52
2,treatment,2,17,ego_trt_53
1,treatment,2,18,ego_trt_54
4,treatment,3,1,ego_trt_37
4,treatment,3,2,ego_trt_38
4,treatment,3,3,ego_trt_39
4,treatment,3,4,ego_trt_40
4,treatment,3,5,ego_trt_41
3,treatment,3,6,ego_trt_42
3,treatment,3,7,ego_trt_43
1,treatment,3,8,ego_trt_44
3,treatment,3,9,ego_trt_45
4,treatment,3,10,ego_trt_46
2,treatment,3,11,ego_trt_47
2,treatment,3,12,ego_trt_48
1,treatment,3,13,ego_trt_49
2,treatment,3,14,ego_trt_50
1,treatment,3,15,ego_trt_51
2,treatment,3,16,ego_trt_52
4,treatment,3,17,ego_trt_53
3,treatment,3,18,ego_trt_54
6,treatment,4,1,ego_trt_37
4,treatment,4,2,ego_trt_38
3,treatment,4,3,ego_trt_39
2,treatment,4,4,ego_trt_40
4,treatment,4,5,ego_trt_41
3,treatment,4,6,ego_trt_42
4,treatment,4,7,ego_trt_43
3,treatment,4,8,ego_trt_44
2,treatment,4,9,ego_trt_45
3,treatment,4,10,ego_trt_46
3,treatment,4,11,ego_trt_47
4,treatment,4,12,ego_trt_48
2,treatment,4,13,ego_trt_49
3,treatment,4,14,ego_trt_50
3,treatment,4,15,ego_trt_51
4,treatment,4,16,ego_trt_52
5,treatment,4,17,ego_trt_53
3,treatment,4,18,ego_trt_54
4,treatment,5,1,ego_trt_37
3,treatment,5,2,ego_trt_38
3,treatment,5,3,ego_trt_39
4,treatment,5,4,ego_trt_40
4,treatment,5,5,ego_trt_41
3,treatment,5,6,ego_trt_42
3,treatment,5,7,ego_trt_43
2,treatment,5,8,ego_trt_44
2,treatment,5,9,ego_trt_45
4,treatment,5,10,ego_trt_46
3,treatment,5,11,ego_trt_47
4,treatment,5,12,ego_trt_48
3,treatment,5,13,ego_trt_49
3,treatment,5,14,ego_trt_50
1,treatment,5,15,ego_trt_51
4,treatment,5,16,ego_trt_52
4,treatment,5,17,ego_trt_53
3,treatment,5,18,ego_trt_54
3,treatment,2,1,ego_trt_55
3,treatment,2,2,ego_trt_56
5,treatment,2,3,ego_trt_57
1,treatment,2,4,ego_trt_58
4,treatment,2,5,ego_trt_59
1,treatment,2,6,ego_trt_60
3,treatment,2,7,ego_trt_61
4,treatment,2,8,ego_trt_62
3,treatment,2,9,ego_trt_63
3,treatment,2,10,ego_trt_64
4,treatment,2,11,ego_trt_65
3,treatment,2,12,ego_trt_66
1,treatment,2,13,ego_trt_67
1,treatment,2,14,ego_trt_68
2,treatment,2,15,ego_trt_69
1,treatment,2,16,ego_trt_70
3,treatment,2,17,ego_trt_71
3,treatment,2,18,ego_trt_72
4,treatment,3,1,ego_trt_55
4,treatment,3,2,ego_trt_56
5,treatment,3,3,ego_trt_57
3,treatment,3,4,ego_trt_58
3,treatment,3,5,ego_trt_59
2,treatment,3,6,ego_trt_60
1,treatment,3,7,ego_trt_61
1,treatment,3,8,ego_trt_62
3,treatment,3,9,ego_trt_63
2,treatment,3,10,ego_trt_64
2,treatment,3,11,ego_trt_65
2,treatment,3,12,ego_trt_66
1,treatment,3,13,ego_trt_67
2,treatment,3,14,ego_trt_68
2,treatment,3,15,ego_trt_69
2,treatment,3,16,ego_trt_70
0,treatment,3,17,ego_trt_71
4,treatment,3,18,ego_trt_72
5,treatment,4,1,ego_trt_55
3,treatment,4,2,ego_trt_56
6,treatment,4,3,ego_trt_57
1,treatment,4,4,ego_trt_58
0,treatment,4,5,ego_trt_59
4,treatment,4,6,ego_trt_60
4,treatment,4,7,ego_trt_61
2,treatment,4,8,ego_trt_62
4,treatment,4,9,ego_trt_63
5,treatment,4,10,ego_trt_64
5,treatment,4,11,ego_trt_65
2,treatment,4,12,ego_trt_66
3,treatment,4,13,ego_trt_67
3,treatment,4,14,ego_trt_68
5,treatment,4,15,ego_trt_69
3,treatment,4,16,ego_trt_70
1,treatment,4,17,ego_trt_71
4,treatment,4,18,ego_trt_72
4,treatment,5,1,ego_trt_55
4,treatment,5,2,ego_trt_56
6,treatment,5,3,ego_trt_57
3,treatment,5,4,ego_trt_58
3,treatment,5,5,ego_trt_59
4,treatment,5,6,ego_trt_60
2,treatment,5,7,ego_trt_61
3,treatment,5,8,ego_trt_62
3,treatment,5,9,ego_trt_63
4,treatment,5,10,ego_trt_64
5,treatment,5,11,ego_trt_65
3,treatment,5,12,ego_trt_66
2,treatment,5,13,ego_trt_67
2,treatment,5,14,ego_trt_68
4,treatment,5,15,ego_trt_69
2,treatment,5,16,ego_trt_70
1,treatment,5,17,ego_trt_71
2,treatment,5,18,ego_trt_72
6,treatment,2,1,ego_trt_73
3,treatment,2,2,ego_trt_74
4,treatment,2,3,ego_trt_75
5,treatment,2,4,ego_trt_76
5,treatment,2,5,ego_trt_77
4,treatment,2,6,ego_trt_78
3,treatment,2,7,ego_trt_79
5,treatment,2,8,ego_trt_80
3,treatment,2,9,ego_trt_81
2,treatment,2,10,ego_trt_82
3,treatment,2,11,ego_trt_83
4,treatment,2,12,ego_trt_84
5,treatment,2,13,ego_trt_85
5,treatment,2,14,ego_trt_86
3,treatment,2,15,ego_trt_87
6,treatment,2,16,ego_trt_88
1,treatment,2,17,ego_trt_89
2,treatment,2,18,ego_trt_90
6,treatment,3,1,ego_trt_73
3,treatment,3,2,ego_trt_74
4,treatment,3,3,ego_trt_75
6,treatment,3,4,ego_trt_76
5,treatment,3,5,ego_trt_77
3,treatment,3,6,ego_trt_78
4,treatment,3,7,ego_trt_79
3,treatment,3,8,ego_trt_80
2,treatment,3,9,ego_trt_81
2,treatment,3,10,ego_trt_82
5,treatment,3,11,ego_trt_83
3,treatment,3,12,ego_trt_84
2,treatment,3,13,ego_trt_85
1,treatment,3,14,ego_trt_86
3,treatment,3,15,ego_trt_87
2,treatment,3,16,ego_trt_88
2,treatment,3,17,ego_trt_89
0,treatment,3,18,ego_trt_90
6,treatment,4,1,ego_trt_73
4,treatment,4,2,ego_trt_74
5,treatment,4,3,ego_trt_75
5,treatment,4,4,ego_trt_76
3,treatment,4,5,ego_trt_77
3,treatment,4,6,ego_trt_78
6,treatment,4,7,ego_trt_79
5,treatment,4,8,ego_trt_80
3,treatment,4,9,ego_trt_81
4,treatment,4,10,ego_trt_82
6,treatment,4,11,ego_trt_83
1,treatment,4,12,ego_trt_84
3,treatment,4,13,ego_trt_85
2,treatment,4,14,ego_trt_86
1,treatment,4,15,ego_trt_87
5,treatment,4,16,ego_trt_88
4,treatment,4,17,ego_trt_89
4,treatment,4,18,ego_trt_90
6,treatment,5,1,ego_trt_73
4,treatment,5,2,ego_trt_74
4,treatment,5,3,ego_trt_75
5,treatment,5,4,ego_trt_76
5,treatment,5,5,ego_trt_77
4,treatment,5,6,ego_trt_78
5,treatment,5,7,ego_trt_79
4,treatment,5,8,ego_trt_80
3,treatment,5,9,ego_trt_81
3,treatment,5,10,ego_trt_82
4,treatment,5,11,ego_trt_83
1,treatment,5,12,ego_trt_84
5,treatment,5,13,ego_trt_85
1,treatment,5,14,ego_trt_86
4,treatment,5,15,ego_trt_87
3,treatment,5,16,ego_trt_88
3,treatment,5,17,ego_trt_89
1,treatment,5,18,ego_trt_90
4,treatment,2,1,ego_trt_91
2,treatment,2,2,ego_trt_92
4,treatment,2,3,ego_trt_93
2,treatment,2,4,ego_trt_94
3,treatment,2,5,ego_trt_95
3,treatment,2,6,ego_trt_96
2,treatment,2,7,ego_trt_97
2,treatment,2,8,ego_trt_98
4,treatment,2,9,ego_trt_99
6,treatment,2,10,ego_trt_100
2,treatment,2,11,ego_trt_101
1,treatment,2,12,ego_trt_102
3,treatment,2,13,ego_trt_103
3,treatment,2,14,ego_trt_104
2,treatment,2,15,ego_trt_105
2,treatment,2,16,ego_trt_106
4,treatment,2,17,ego_trt_107
1,treatment,2,18,ego_trt_108
5,treatment,3,1,ego_trt_91
4,treatment,3,2,ego_trt_92
6,treatment,3,3,ego_trt_93
5,treatment,3,4,ego_trt_94
5,treatment,3,5,ego_trt_95
3,treatment,3,6,ego_trt_96
3,treatment,3,7,ego_trt_97
3,treatment,3,8,ego_trt_98
6,treatment,3,9,ego_trt_99
5,treatment,3,10,ego_trt_100
3,treatment,3,11,ego_trt_101
2,treatment,3,12,ego_trt_102
3,treatment,3,13,ego_trt_103
2,treatment,3,14,ego_trt_104
1,treatment,3,15,ego_trt_105
2,treatment,3,16,ego_trt_106
6,treatment,3,17,ego_trt_107
1,treatment,3,18,ego_trt_108
6,treatment,4,1,ego_trt_91
4,treatment,4,2,ego_trt_92
3,treatment,4,3,ego_trt_93
4,treatment,4,4,ego_trt_94
4,treatment,4,5,ego_trt_95
3,treatment,4,6,ego_trt_96
5,treatment,4,7,ego_trt_97
4,treatment,4,8,ego_trt_98
5,treatment,4,9,ego_trt_99
4,treatment,4,10,ego_trt_100
3,treatment,4,11,ego_trt_101
3,treatment,4,12,ego_trt_102
6,treatment,4,13,ego_trt_103
2,treatment,4,14,ego_trt_104
2,treatment,4,15,ego_trt_105
3,treatment,4,16,ego_trt_106
3,treatment,4,17,ego_trt_107
3,treatment,4,18,ego_trt_108
6,treatment,5,1,ego_trt_91
4,treatment,5,2,ego_trt_92
5,treatment,5,3,ego_trt_93
3,treatment,5,4,ego_trt_94
4,treatment,5,5,ego_trt_95
3,treatment,5,6,ego_trt_96
5,treatment,5,7,ego_trt_97
3,treatment,5,8,ego_trt_98
3,treatment,5,9,ego_trt_99
5,treatment,5,10,ego_trt_100
2,treatment,5,11,ego_trt_101
2,treatment,5,12,ego_trt_102
5,treatment,5,13,ego_trt_103
2,treatment,5,14,ego_trt_104
2,treatment,5,15,ego_trt_105
1,treatment,5,16,ego_trt_106
3,treatment,5,17,ego_trt_107
3,treatment,5,18,ego_trt_108
6,treatment,2,1,ego_trt_109
5,treatment,2,2,ego_trt_110
3,treatment,2,3,ego_trt_111
0,treatment,2,4,ego_trt_112
3,treatment,2,5,ego_trt_113
1,treatment,2,6,ego_trt_114
4,treatment,2,7,ego_trt_115
4,treatment,2,8,ego_trt_116
2,treatment,2,9,ego_trt_117
2,treatment,2,10,ego_trt_118
2,treatment,2,11,ego_trt_119
2,treatment,2,12,ego_trt_120
3,treatment,2,13,ego_trt_121
2,treatment,2,14,ego_trt_122
1,treatment,2,15,ego_trt_123
2,treatment,2,16,ego_trt_124
2,treatment,2,17,ego_trt_125
3,treatment,2,18,ego_trt_126
6,treatment,3,1,ego_trt_109
4,treatment,3,2,ego_trt_110
3,treatment,3,3,ego_trt_111
4,treatment,3,4,ego_trt_112
4,treatment,3,5,ego_trt_113
1,treatment,3,6,ego_trt_114
3,treatment,3,7,ego_trt_115
3,treatment,3,8,ego_trt_116
2,treatment,3,9,ego_trt_117
3,treatment,3,10,ego_trt_118
6,treatment,3,11,ego_trt_119
1,treatment,3,12,ego_trt_120
0,treatment,3,13,ego_trt_121
2,treatment,3,14,ego_trt_122
1,treatment,3,15,ego_trt_123
2,treatment,3,16,ego_trt_124
0,treatment,3,17,ego_trt_125
1,treatment,3,18,ego_trt_126
6,treatment,4,1,ego_trt_109
6,treatment,4,2,ego_trt_110
3,treatment,4,3,ego_trt_111
2,treatment,4,4,ego_trt_112
3,treatment,4,5,ego_trt_113
3,treatment,4,6,ego_trt_114
2,treatment,4,7,ego_trt_115
3,treatment,4,8,ego_trt_116
2,treatment,4,9,ego_trt_117
3,treatment,4,10,ego_trt_118
4,treatment,4,11,ego_trt_119
1,treatment,4,12,ego_trt_120
0,treatment,4,13,ego_trt_121
4,treatment,4,14,ego_trt_122
3,treatment,4,15,ego_trt_123
6,treatment,4,16,ego_trt_124
2,treatment,4,17,ego_trt_125
1,treatment,4,18,ego_trt_126
6,treatment,5,1,ego_trt_109
3,treatment,5,2,ego_trt_110
3,treatment,5,3,ego_trt_111
0,treatment,5,4,ego_trt_112
1,treatment,5,5,ego_trt_113
4,treatment,5,6,ego_trt_114
3,treatment,5,7,ego_trt_115
3,treatment,5,8,ego_trt_116
1,treatment,5,9,ego_trt_117
2,treatment,5,10,ego_trt_118
4,treatment,5,11,ego_trt_119
0,treatment,5,12,ego_trt_120
0,treatment,5,13,ego_trt_121
2,treatment,5,14,ego_trt_122
1,treatment,5,15,ego_trt_123
4,treatment,5,16,ego_trt_124
0,treatment,5,17,ego_trt_125
0,treatment,5,18,ego_trt_126
4,treatment,2,1,ego_trt_127
4,treatment,2,2,ego_trt_128
6,treatment,2,3,ego_trt_129
3,treatment,2,4,ego_trt_130
3,treatment,2,5,ego_trt_131
3,treatment,2,6,ego_trt_132
4,treatment,2,7,ego_trt_133
1,treatment,2,8,ego_trt_134
3,treatment,2,9,ego_trt_135
1,treatment,2,10,ego_trt_136
0,treatment,2,11,ego_trt_137
2,treatment,2,12,ego_trt_138
0,treatment,2,13,ego_trt_139
6,treatment,2,14,ego_trt_140
1,treatment,2,15,ego_trt_141
1,treatment,2,16,ego_trt_142
2,treatment,2,17,ego_trt_143
1,treatment,2,18,ego_trt_144
4,treatment,3,1,ego_trt_127
6,treatment,3,2,ego_trt_128
3,treatment,3,3,ego_trt_129
4,treatment,3,4,ego_trt_130
4,treatment,3,5,ego_trt_131
3,treatment,3,6,ego_trt_132
2,treatment,3,7,ego_trt_133
2,treatment,3,8,ego_trt_134
0,treatment,3,9,ego_trt_135
0,treatment,3,10,ego_trt_136
4,treatment,3,11,ego_trt_137
0,treatment,3,12,ego_trt_138
2,treatment,3,13,ego_trt_139
6,treatment,3,14,ego_trt_140
0,treatment,3,15,ego_trt_141
2,treatment,3,16,ego_trt_142
2,treatment,3,17,ego_trt_143
1,treatment,3,18,ego_trt_144
5,treatment,4,1,ego_trt_127
5,treatment,4,2,ego_trt_128
0,treatment,4,3,ego_trt_129
5,treatment,4,4,ego_trt_130
3,treatment,4,5,ego_trt_131
4,treatment,4,6,ego_trt_132
3,treatment,4,7,ego_trt_133
1,treatment,4,8,ego_trt_134
4,treatment,4,9,ego_trt_135
3,treatment,4,10,ego_trt_136
3,treatment,4,11,ego_trt_137
3,treatment,4,12,ego_trt_138
0,treatment,4,13,ego_trt_139
5,treatment,4,14,ego_trt_140
1,treatment,4,15,ego_trt_141
2,treatment,4,16,ego_trt_142
1,treatment,4,17,ego_trt_143
1,treatment,4,18,ego_trt_144
3,treatment,5,1,ego_trt_127
6,treatment,5,2,ego_trt_128
2,treatment,5,3,ego_trt_129
2,treatment,5,4,ego_trt_130
1,treatment,5,5,ego_trt_131
6,treatment,5,6,ego_trt_132
4,treatment,5,7,ego_trt_133
0,treatment,5,8,ego_trt_134
4,treatment,5,9,ego_trt_135
2,treatment,5,10,ego_trt_136
4,treatment,5,11,ego_trt_137
3,treatment,5,12,ego_trt_138
1,treatment,5,13,ego_trt_139
4,treatment,5,14,ego_trt_140
1,treatment,5,15,ego_trt_141
4,treatment,5,16,ego_trt_142
0,treatment,5,17,ego_trt_143
0,treatment,5,18,ego_trt_144
5,treatment,2,1,ego_trt_145
6,treatment,2,2,ego_trt_146
5,treatment,2,3,ego_trt_147
4,treatment,2,4,ego_trt_148
4,treatment,2,5,ego_trt_149
3,treatment,2,6,ego_trt_150
3,treatment,2,7,ego_trt_151
1,treatment,2,8,ego_trt_152
3,treatment,2,9,ego_trt_153
5,treatment,2,10,ego_trt_154
3,treatment,2,11,ego_trt_155
4,treatment,2,12,ego_trt_156
2,treatment,2,13,ego_trt_157
2,treatment,2,14,ego_trt_158
0,treatment,2,15,ego_trt_159
2,treatment,2,16,ego_trt_160
1,treatment,2,17,ego_trt_161
0,treatment,2,18,ego_trt_162
4,treatment,3,1,ego_trt_145
6,treatment,3,2,ego_trt_146
3,treatment,3,3,ego_trt_147
5,treatment,3,4,ego_trt_148
2,treatment,3,5,ego_trt_149
2,treatment,3,6,ego_trt_150
4,treatment,3,7,ego_trt_151
0,treatment,3,8,ego_trt_152
4,treatment,3,9,ego_trt_153
4,treatment,3,10,ego_trt_154
4,treatment,3,11,ego_trt_155
3,treatment,3,12,ego_trt_156
2,treatment,3,13,ego_trt_157
1,treatment,3,14,ego_trt_158
1,treatment,3,15,ego_trt_159
3,treatment,3,16,ego_trt_160
1,treatment,3,17,ego_trt_161
1,treatment,3,18,ego_trt_162
5,treatment,4,1,ego_trt_145
5,treatment,4,2,ego_trt_146
6,treatment,4,3,ego_trt_147
5,treatment,4,4,ego_trt_148
4,treatment,4,5,ego_trt_149
3,treatment,4,6,ego_trt_150
2,treatment,4,7,ego_trt_151
4,treatment,4,8,ego_trt_152
3,treatment,4,9,ego_trt_153
4,treatment,4,10,ego_trt_154
3,treatment,4,11,ego_trt_155
3,treatment,4,12,ego_trt_156
1,treatment,4,13,ego_trt_157
2,treatment,4,14,ego_trt_158
0,treatment,4,15,ego_trt_159
6,treatment,4,16,ego_trt_160
1,treatment,4,17,ego_trt_161
1,treatment,4,18,ego_trt_162
5,treatment,5,1,ego_trt_145
4,treatment,5,2,ego_trt_146
5,treatment,5,3,ego_trt_147
4,treatment,5,4,ego_trt_148
2,treatment,5,5,ego_trt_149
3,treatment,5,6,ego_trt_150
4,treatment,5,7,ego_trt_151
2,treatment,5,8,ego_trt_152
3,treatment,5,9,ego_trt_153
5,treatment,5,10,ego_trt_154
3,treatment,5,11,ego_trt_155
0,treatment,5,12,ego_trt_156
2,treatment,5,13,ego_trt_157
0,treatment,5,14,ego_trt_158
2,treatment,5,15,ego_trt_159
2,treatment,5,16,ego_trt_160
1,treatment,5,17,ego_trt_161
1,treatment,5,18,ego_trt_162
4,treatment,2,1,ego_trt_163
4,treatment,2,2,ego_trt_164
6,treatment,2,3,ego_trt_165
3,treatment,2,4,ego_trt_166
5,treatment,2,5,ego_trt_167
2,treatment,2,6,ego_trt_168
4,treatment,2,7,ego_trt_169
3,treatment,2,8,ego_trt_170
0,treatment,2,9,ego_trt_171
3,treatment,2,10,ego_trt_172
1,treatment,2,11,ego_trt_173
0,treatment,2,12,ego_trt_174
2,treatment,2,13,ego_trt_175
0,treatment,2,14,ego_trt_176
0,treatment,2,15,ego_trt_177
3,treatment,2,16,ego_trt_178
0,treatment,2,17,ego_trt_179
3,treatment,2,18,ego_trt_180
4,treatment,3,1,ego_trt_163
6,treatment,3,2,ego_trt_164
4,treatment,3,3,ego_trt_165
3,treatment,3,4,ego_trt_166
2,treatment,3,5,ego_trt_167
1,treatment,3,6,ego_trt_168
2,treatment,3,7,ego_trt_169
2,treatment,3,8,ego_trt_170
0,treatment,3,9,ego_trt_171
2,treatment,3,10,ego_trt_172
2,treatment,3,11,ego_trt_173
2,treatment,3,12,ego_trt_174
0,treatment,3,13,ego_trt_175
1,treatment,3,14,ego_trt_176
3,treatment,3,15,ego_trt_177
2,treatment,3,16,ego_trt_178
0,treatment,3,17,ego_trt_179
0,treatment,3,18,ego_trt_180
4,treatment,4,1,ego_trt_163
5,treatment,4,2,ego_trt_164
5,treatment,4,3,ego_trt_165
4,treatment,4,4,ego_trt_166
3,treatment,4,5,ego_trt_167
3,treatment,4,6,ego_trt_168
2,treatment,4,7,ego_trt_169
0,treatment,4,8,ego_trt_170
1,treatment,4,9,ego_trt_171
3,treatment,4,10,ego_trt_172
3,treatment,4,11,ego_trt_173
2,treatment,4,12,ego_trt_174
0,treatment,4,13,ego_trt_175
3,treatment,4,14,ego_trt_176
0,treatment,4,15,ego_trt_177
3,treatment,4,16,ego_trt_178
2,treatment,4,17,ego_trt_179
4,treatment,4,18,ego_trt_180
4,treatment,5,1,ego_trt_163
4,treatment,5,2,ego_trt_164
4,treatment,5,3,ego_trt_165
5,treatment,5,4,ego_trt_166
2,treatment,5,5,ego_trt_167
3,treatment,5,6,ego_trt_168
1,treatment,5,7,ego_trt_169
0,treatment,5,8,ego_trt_170
1,treatment,5,9,ego_trt_171
3,treatment,5,10,ego_trt_172
2,treatment,5,11,ego_trt_173
0,treatment,5,12,ego_trt_174
1,treatment,5,13,ego_trt_175
0,treatment,5,14,ego_trt_176
0,treatment,5,15,ego_trt_177
1,treatment,5,16,ego_trt_178
1,treatment,5,17,ego_trt_179
3,treatment,5,18,ego_trt_180
2,control,2,1,ego_ctrl_1
2,control,2,2,ego_ctrl_2
2,control,2,3,ego_ctrl_3
1,control,2,4,ego_ctrl_4
1,control,2,5,ego_ctrl_5
0,control,2,6,ego_ctrl_6
1,control,2,7,ego_ctrl_7
2,control,2,8,ego_ctrl_8
2,control,2,9,ego_ctrl_9
0,control,2,10,ego_ctrl_10
1,control,2,11,ego_ctrl_11
1,control,2,12,ego_ctrl_12
0,control,2,13,ego_ctrl_13
0,control,2,14,ego_ctrl_14
1,control,2,15,ego_ctrl_15
0,control,2,16,ego_ctrl_16
2,control,2,17,ego_ctrl_17
1,control,2,18,ego_ctrl_18
2,control,3,1,ego_ctrl_1
2,control,3,2,ego_ctrl_2
1,control,3,3,ego_ctrl_3
3,control,3,4,ego_ctrl_4
2,control,3,5,ego_ctrl_5
0,control,3,6,ego_ctrl_6
1,control,3,7,ego_ctrl_7
1,control,3,8,ego_ctrl_8
0,control,3,9,ego_ctrl_9
0,control,3,10,ego_ctrl_10
5,control,3,11,ego_ctrl_11
1,control,3,12,ego_ctrl_12
1,control,3,13,ego_ctrl_13
1,control,3,14,ego_ctrl_14
2,control,3,15,ego_ctrl_15
2,control,3,16,ego_ctrl_16
1,control,3,17,ego_ctrl_17
0,control,3,18,ego_ctrl_18
2,control,4,1,ego_ctrl_1
2,control,4,2,ego_ctrl_2
1,control,4,3,ego_ctrl_3
2,control,4,4,ego_ctrl_4
2,control,4,5,ego_ctrl_5
1,control,4,6,ego_ctrl_6
0,control,4,7,ego_ctrl_7
1,control,4,8,ego_ctrl_8
0,control,4,9,ego_ctrl_9
1,control,4,10,ego_ctrl_10
3,control,4,11,ego_ctrl_11
1,control,4,12,ego_ctrl_12
2,control,4,13,ego_ctrl_13
1,control,4,14,ego_ctrl_14
0,control,4,15,ego_ctrl_15
3,control,4,16,ego_ctrl_16
0,control,4,17,ego_ctrl_17
0,control,4,18,ego_ctrl_18
2,control,5,1,ego_ctrl_1
2,control,5,2,ego_ctrl_2
2,control,5,3,ego_ctrl_3
1,control,5,4,ego_ctrl_4
2,control,5,5,ego_ctrl_5
2,control,5,6,ego_ctrl_6
1,control,5,7,ego_ctrl_7
2,control,5,8,ego_ctrl_8
1,control,5,9,ego_ctrl_9
2,control,5,10,ego_ctrl_10
1,control,5,11,ego_ctrl_11
0,control,5,12,ego_ctrl_12
1,control,5,13,ego_ctrl_13
1,control,5,14,ego_ctrl_14
0,control,5,15,ego_ctrl_15
1,control,5,16,ego_ctrl_16
2,control,5,17,ego_ctrl_17
1,control,5,18,ego_ctrl_18
3,control,2,1,ego_ctrl_19
5,control,2,2,ego_ctrl_20
4,control,2,3,ego_ctrl_21
4,control,2,4,ego_ctrl_22
3,control,2,5,ego_ctrl_23
3,control,2,6,ego_ctrl_24
2,control,2,7,ego_ctrl_25
3,control,2,8,ego_ctrl_26
0,control,2,9,ego_ctrl_27
2,control,2,10,ego_ctrl_28
1,control,2,11,ego_ctrl_29
0,control,2,12,ego_ctrl_30
3,control,2,13,ego_ctrl_31
4,control,2,14,ego_ctrl_32
2,control,2,15,ego_ctrl_33
2,control,2,16,ego_ctrl_34
4,control,2,17,ego_ctrl_35
2,control,2,18,ego_ctrl_36
4,control,3,1,ego_ctrl_19
2,control,3,2,ego_ctrl_20
4,control,3,3,ego_ctrl_21
3,control,3,4,ego_ctrl_22
2,control,3,5,ego_ctrl_23
3,control,3,6,ego_ctrl_24
3,control,3,7,ego_ctrl_25
1,control,3,8,ego_ctrl_26
3,control,3,9,ego_ctrl_27
4,control,3,10,ego_ctrl_28
3,control,3,11,ego_ctrl_29
3,control,3,12,ego_ctrl_30
3,control,3,13,ego_ctrl_31
2,control,3,14,ego_ctrl_32
1,control,3,15,ego_ctrl_33
4,control,3,16,ego_ctrl_34
3,control,3,17,ego_ctrl_35
1,control,3,18,ego_ctrl_36
4,control,4,1,ego_ctrl_19
3,control,4,2,ego_ctrl_20
3,control,4,3,ego_ctrl_21
3,control,4,4,ego_ctrl_22
3,control,4,5,ego_ctrl_23
4,control,4,6,ego_ctrl_24
3,control,4,7,ego_ctrl_25
0,control,4,8,ego_ctrl_26
3,control,4,9,ego_ctrl_27
2,control,4,10,ego_ctrl_28
2,control,4,11,ego_ctrl_29
1,control,4,12,ego_ctrl_30
3,control,4,13,ego_ctrl_31
2,control,4,14,ego_ctrl_32
3,control,4,15,ego_ctrl_33
1,control,4,16,ego_ctrl_34
4,control,4,17,ego_ctrl_35
1,control,4,18,ego_ctrl_36
4,control,5,1,ego_ctrl_19
4,control,5,2,ego_ctrl_20
3,control,5,3,ego_ctrl_21
4,control,5,4,ego_ctrl_22
2,control,5,5,ego_ctrl_23
2,control,5,6,ego_ctrl_24
3,control,5,7,ego_ctrl_25
1,control,5,8,ego_ctrl_26
2,control,5,9,ego_ctrl_27
2,control,5,10,ego_ctrl_28
3,control,5,11,ego_ctrl_29
1,control,5,12,ego_ctrl_30
2,control,5,13,ego_ctrl_31
2,control,5,14,ego_ctrl_32
3,control,5,15,ego_ctrl_33
2,control,5,16,ego_ctrl_34
2,control,5,17,ego_ctrl_35
1,control,5,18,ego_ctrl_36
4,control,2,1,ego_ctrl_37
4,control,2,2,ego_ctrl_38
3,control,2,3,ego_ctrl_39
4,control,2,4,ego_ctrl_40
3,control,2,5,ego_ctrl_41
4,control,2,6,ego_ctrl_42
3,control,2,7,ego_ctrl_43
3,control,2,8,ego_ctrl_44
2,control,2,9,ego_ctrl_45
4,control,2,10,ego_ctrl_46
2,control,2,11,ego_ctrl_47
1,control,2,12,ego_ctrl_48
1,control,2,13,ego_ctrl_49
2,control,2,14,ego_ctrl_50
3,control,2,15,ego_ctrl_51
2,control,2,16,ego_ctrl_52
1,control,2,17,ego_ctrl_53
3,control,2,18,ego_ctrl_54
3,control,3,1,ego_ctrl_37
4,control,3,2,ego_ctrl_38
1,control,3,3,ego_ctrl_39
2,control,3,4,ego_ctrl_40
2,control,3,5,ego_ctrl_41
3,control,3,6,ego_ctrl_42
1,control,3,7,ego_ctrl_43
2,control,3,8,ego_ctrl_44
4,control,3,9,ego_ctrl_45
4,control,3,10,ego_ctrl_46
3,control,3,11,ego_ctrl_47
1,control,3,12,ego_ctrl_48
2,control,3,13,ego_ctrl_49
0,control,3,14,ego_ctrl_50
2,control,3,15,ego_ctrl_51
4,control,3,16,ego_ctrl_52
0,control,3,17,ego_ctrl_53
2,control,3,18,ego_ctrl_54
5,control,4,1,ego_ctrl_37
4,control,4,2,ego_ctrl_38
2,control,4,3,ego_ctrl_39
3,control,4,4,ego_ctrl_40
5,control,4,5,ego_ctrl_41
2,control,4,6,ego_ctrl_42
3,control,4,7,ego_ctrl_43
2,control,4,8,ego_ctrl_44
2,control,4,9,ego_ctrl_45
3,control,4,10,ego_ctrl_46
5,control,4,11,ego_ctrl_47
2,control,4,12,ego_ctrl_48
3,control,4,13,ego_ctrl_49
3,control,4,14,ego_ctrl_50
1,control,4,15,ego_ctrl_51
2,control,4,16,ego_ctrl_52
1,control,4,17,ego_ctrl_53
1,control,4,18,ego_ctrl_54
3,control,5,1,ego_ctrl_37
4,control,5,2,ego_ctrl_38
2,control,5,3,ego_ctrl_39
1,control,5,4,ego_ctrl_40
5,control,5,5,ego_ctrl_41
2,control,5,6,ego_ctrl_42
1,control,5,7,ego_ctrl_43
1,control,5,8,ego_ctrl_44
2,control,5,9,ego_ctrl_45
1,control,5,10,ego_ctrl_46
3,control,5,11,ego_ctrl_47
2,control,5,12,ego_ctrl_48
0,control,5,13,ego_ctrl_49
3,control,5,14,ego_ctrl_50
3,control,5,15,ego_ctrl_51
3,control,5,16,ego_ctrl_52
0,control,5,17,ego_ctrl_53
2,control,5,18,ego_ctrl_54
6,control,2,1,ego_ctrl_55
4,control,2,2,ego_ctrl_56
6,control,2,3,ego_ctrl_57
1,control,2,4,ego_ctrl_58
3,control,2,5,ego_ctrl_59
6,control,2,6,ego_ctrl_60
4,control,2,7,ego_ctrl_61
2,control,2,8,ego_ctrl_62
3,control,2,9,ego_ctrl_63
3,control,2,10,ego_ctrl_64
5,control,2,11,ego_ctrl_65
3,control,2,12,ego_ctrl_66
3,control,2,13,ego_ctrl_67
3,control,2,14,ego_ctrl_68
1,control,2,15,ego_ctrl_69
1,control,2,16,ego_ctrl_70
1,control,2,17,ego_ctrl_71
4,control,2,18,ego_ctrl_72
6,control,3,1,ego_ctrl_55
3,control,3,2,ego_ctrl_56
3,control,3,3,ego_ctrl_57
1,control,3,4,ego_ctrl_58
3,control,3,5,ego_ctrl_59
3,control,3,6,ego_ctrl_60
2,control,3,7,ego_ctrl_61
2,control,3,8,ego_ctrl_62
2,control,3,9,ego_ctrl_63
2,control,3,10,ego_ctrl_64
2,control,3,11,ego_ctrl_65
0,control,3,12,ego_ctrl_66
0,control,3,13,ego_ctrl_67
2,control,3,14,ego_ctrl_68
0,control,3,15,ego_ctrl_69
1,control,3,16,ego_ctrl_70
4,control,3,17,ego_ctrl_71
2,control,3,18,ego_ctrl_72
6,control,4,1,ego_ctrl_55
3,control,4,2,ego_ctrl_56
5,control,4,3,ego_ctrl_57
3,control,4,4,ego_ctrl_58
4,control,4,5,ego_ctrl_59
3,control,4,6,ego_ctrl_60
4,control,4,7,ego_ctrl_61
6,control,4,8,ego_ctrl_62
5,control,4,9,ego_ctrl_63
1,control,4,10,ego_ctrl_64
5,control,4,11,ego_ctrl_65
3,control,4,12,ego_ctrl_66
2,control,4,13,ego_ctrl_67
4,control,4,14,ego_ctrl_68
1,control,4,15,ego_ctrl_69
2,control,4,16,ego_ctrl_70
4,control,4,17,ego_ctrl_71
2,control,4,18,ego_ctrl_72
5,control,5,1,ego_ctrl_55
3,control,5,2,ego_ctrl_56
2,control,5,3,ego_ctrl_57
2,control,5,4,ego_ctrl_58
3,control,5,5,ego_ctrl_59
3,control,5,6,ego_ctrl_60
2,control,5,7,ego_ctrl_61
4,control,5,8,ego_ctrl_62
4,control,5,9,ego_ctrl_63
1,control,5,10,ego_ctrl_64
3,control,5,11,ego_ctrl_65
1,control,5,12,ego_ctrl_66
3,control,5,13,ego_ctrl_67
2,control,5,14,ego_ctrl_68
2,control,5,15,ego_ctrl_69
4,control,5,16,ego_ctrl_70
3,control,5,17,ego_ctrl_71
0,control,5,18,ego_ctrl_72
4,control,2,1,ego_ctrl_73
5,control,2,2,ego_ctrl_74
2,control,2,3,ego_ctrl_75
4,control,2,4,ego_ctrl_76
3,control,2,5,ego_ctrl_77
3,control,2,6,ego_ctrl_78
2,control,2,7,ego_ctrl_79
2,control,2,8,ego_ctrl_80
3,control,2,9,ego_ctrl_81
2,control,2,10,ego_ctrl_82
3,control,2,11,ego_ctrl_83
4,control,2,12,ego_ctrl_84
0,control,2,13,ego_ctrl_85
3,control,2,14,ego_ctrl_86
3,control,2,15,ego_ctrl_87
3,control,2,16,ego_ctrl_88
2,control,2,17,ego_ctrl_89
2,control,2,18,ego_ctrl_90
4,control,3,1,ego_ctrl_73
4,control,3,2,ego_ctrl_74
5,control,3,3,ego_ctrl_75
6,control,3,4,ego_ctrl_76
3,control,3,5,ego_ctrl_77
2,control,3,6,ego_ctrl_78
3,control,3,7,ego_ctrl_79
3,control,3,8,ego_ctrl_80
1,control,3,9,ego_ctrl_81
3,control,3,10,ego_ctrl_82
2,control,3,11,ego_ctrl_83
2,control,3,12,ego_ctrl_84
3,control,3,13,ego_ctrl_85
1,control,3,14,ego_ctrl_86
3,control,3,15,ego_ctrl_87
0,control,3,16,ego_ctrl_88
2,control,3,17,ego_ctrl_89
1,control,3,18,ego_ctrl_90
4,control,4,1,ego_ctrl_73
6,control,4,2,ego_ctrl_74
3,control,4,3,ego_ctrl_75
2,control,4,4,ego_ctrl_76
2,control,4,5,ego_ctrl_77
5,control,4,6,ego_ctrl_78
3,control,4,7,ego_ctrl_79
3,control,4,8,ego_ctrl_80
2,control,4,9,ego_ctrl_81
5,control,4,10,ego_ctrl_82
2,control,4,11,ego_ctrl_83
4,control,4,12,ego_ctrl_84
2,control,4,13,ego_ctrl_85
3,control,4,14,ego_ctrl_86
2,control,4,15,ego_ctrl_87
1,control,4,16,ego_ctrl_88
5,control,4,17,ego_ctrl_89
3,control,4,18,ego_ctrl_90
5,control,5,1,ego_ctrl_73
6,control,5,2,ego_ctrl_74
4,control,5,3,ego_ctrl_75
3,control,5,4,ego_ctrl_76
3,control,5,5,ego_ctrl_77
3,control,5,6,ego_ctrl_78
3,control,5,7,ego_ctrl_79
2,control,5,8,ego_ctrl_80
3,control,5,9,ego_ctrl_81
4,control,5,10,ego_ctrl_82
2,control,5,11,ego_ctrl_83
2,control,5,12,ego_ctrl_84
1,control,5,13,ego_ctrl_85
1,control,5,14,ego_ctrl_86
1,control,5,15,ego_ctrl_87
3,control,5,16,ego_ctrl_88
5,control,5,17,ego_ctrl_89
1,control,5,18,ego_ctrl_90
4,control,2,1,ego_ctrl_91
5,control,2,2,ego_ctrl_92
3,control,2,3,ego_ctrl_93
4,control,2,4,ego_ctrl_94
3,control,2,5,ego_ctrl_95
2,control,2,6,ego_ctrl_96
6,control,2,7,ego_ctrl_97
4,control,2,8,ego_ctrl_98
2,control,2,9,ego_ctrl_99
3,control,2,10,ego_ctrl_100
1,control,2,11,ego_ctrl_101
4,control,2,12,ego_ctrl_102
1,control,2,13,ego_ctrl_103
2,control,2,14,ego_ctrl_104
2,control,2,15,ego_ctrl_105
1,control,2,16,ego_ctrl_106
2,control,2,17,ego_ctrl_107
1,control,2,18,ego_ctrl_108
4,control,3,1,ego_ctrl_91
2,control,3,2,ego_ctrl_92
1,control,3,3,ego_ctrl_93
3,control,3,4,ego_ctrl_94
4,control,3,5,ego_ctrl_95
4,control,3,6,ego_ctrl_96
5,control,3,7,ego_ctrl_97
3,control,3,8,ego_ctrl_98
4,control,3,9,ego_ctrl_99
3,control,3,10,ego_ctrl_100
1,control,3,11,ego_ctrl_101
2,control,3,12,ego_ctrl_102
3,control,3,13,ego_ctrl_103
2,control,3,14,ego_ctrl_104
1,control,3,15,ego_ctrl_105
0,control,3,16,ego_ctrl_106
1,control,3,17,ego_ctrl_107
2,control,3,18,ego_ctrl_108
4,control,4,1,ego_ctrl_91
3,control,4,2,ego_ctrl_92
4,control,4,3,ego_ctrl_93
3,control,4,4,ego_ctrl_94
4,control,4,5,ego_ctrl_95
3,control,4,6,ego_ctrl_96
5,control,4,7,ego_ctrl_97
2,control,4,8,ego_ctrl_98
2,control,4,9,ego_ctrl_99
6,control,4,10,ego_ctrl_100
1,control,4,11,ego_ctrl_101
3,control,4,12,ego_ctrl_102
2,control,4,13,ego_ctrl_103
2,control,4,14,ego_ctrl_104
4,control,4,15,ego_ctrl_105
3,control,4,16,ego_ctrl_106
3,control,4,17,ego_ctrl_107
3,control,4,18,ego_ctrl_108
5,control,5,1,ego_ctrl_91
0,control,5,2,ego_ctrl_92
3,control,5,3,ego_ctrl_93
4,control,5,4,ego_ctrl_94
4,control,5,5,ego_ctrl_95
4,control,5,6,ego_ctrl_96
3,control,5,7,ego_ctrl_97
2,control,5,8,ego_ctrl_98
1,control,5,9,ego_ctrl_99
3,control,5,10,ego_ctrl_100
2,control,5,11,ego_ctrl_101
2,control,5,12,ego_ctrl_102
0,control,5,13,ego_ctrl_103
4,control,5,14,ego_ctrl_104
2,control,5,15,ego_ctrl_105
2,control,5,16,ego_ctrl_106
0,control,5,17,ego_ctrl_107
0,control,5,18,ego_ctrl_108
6,control,2,1,ego_ctrl_109
4,control,2,2,ego_ctrl_110
3,control,2,3,ego_ctrl_111
4,control,2,4,ego_ctrl_112
4,control,2,5,ego_ctrl_113
2,control,2,6,ego_ctrl_114
3,control,2,7,ego_ctrl_115
4,control,2,8,ego_ctrl_116
2,control,2,9,ego_ctrl_117
0,control,2,10,ego_ctrl_118
2,control,2,11,ego_ctrl_119
2,control,2,12,ego_ctrl_120
1,control,2,13,ego_ctrl_121
1,control,2,14,ego_ctrl_122
2,control,2,15,ego_ctrl_123
2,control,2,16,ego_ctrl_124
1,control,2,17,ego_ctrl_125
3,control,2,18,ego_ctrl_126
6,control,3,1,ego_ctrl_109
3,control,3,2,ego_ctrl_110
4,control,3,3,ego_ctrl_111
2,control,3,4,ego_ctrl_112
4,control,3,5,ego_ctrl_113
3,control,3,6,ego_ctrl_114
3,control,3,7,ego_ctrl_115
4,control,3,8,ego_ctrl_116
1,control,3,9,ego_ctrl_117
3,control,3,10,ego_ctrl_118
2,control,3,11,ego_ctrl_119
2,control,3,12,ego_ctrl_120
1,control,3,13,ego_ctrl_121
0,control,3,14,ego_ctrl_122
1,control,3,15,ego_ctrl_123
0,control,3,16,ego_ctrl_124
3,control,3,17,ego_ctrl_125
2,control,3,18,ego_ctrl_126
6,control,4,1,ego_ctrl_109
5,control,4,2,ego_ctrl_110
6,control,4,3,ego_ctrl_111
0,control,4,4,ego_ctrl_112
6,control,4,5,ego_ctrl_113
5,control,4,6,ego_ctrl_114
3,control,4,7,ego_ctrl_115
4,control,4,8,ego_ctrl_116
2,control,4,9,ego_ctrl_117
2,control,4,10,ego_ctrl_118
1,control,4,11,ego_ctrl_119
3,control,4,12,ego_ctrl_120
2,control,4,13,ego_ctrl_121
4,control,4,14,ego_ctrl_122
4,control,4,15,ego_ctrl_123
1,control,4,16,ego_ctrl_124
1,control,4,17,ego_ctrl_125
1,control,4,18,ego_ctrl_126
6,control,5,1,ego_ctrl_109
4,control,5,2,ego_ctrl_110
4,control,5,3,ego_ctrl_111
3,control,5,4,ego_ctrl_112
6,control,5,5,ego_ctrl_113
4,control,5,6,ego_ctrl_114
2,control,5,7,ego_ctrl_115
2,control,5,8,ego_ctrl_116
2,control,5,9,ego_ctrl_117
2,control,5,10,ego_ctrl_118
2,control,5,11,ego_ctrl_119
1,control,5,12,ego_ctrl_120
0,control,5,13,ego_ctrl_121
2,control,5,14,ego_ctrl_122
2,control,5,15,ego_ctrl_123
1,control,5,16,ego_ctrl_124
1,control,5,17,ego_ctrl_125
3,control,5,18,ego_ctrl_126
4,control,2,1,ego_ctrl_127
4,control,2,2,ego_ctrl_128
3,control,2,3,ego_ctrl_129
4,control,2,4,ego_ctrl_130
3,control,2,5,ego_ctrl_131
4,control,2,6,ego_ctrl_132
2,control,2,7,ego_ctrl_133
5,control,2,8,ego_ctrl_134
1,control,2,9,ego_ctrl_135
2,control,2,10,ego_ctrl_136
1,control,2,11,ego_ctrl_137
0,control,2,12,ego_ctrl_138
2,control,2,13,ego_ctrl_139
1,control,2,14,ego_ctrl_140
3,control,2,15,ego_ctrl_141
3,control,2,16,ego_ctrl_142
2,control,2,17,ego_ctrl_143
1,control,2,18,ego_ctrl_144
4,control,3,1,ego_ctrl_127
3,control,3,2,ego_ctrl_128
3,control,3,3,ego_ctrl_129
4,control,3,4,ego_ctrl_130
4,control,3,5,ego_ctrl_131
1,control,3,6,ego_ctrl_132
1,control,3,7,ego_ctrl_133
4,control,3,8,ego_ctrl_134
3,control,3,9,ego_ctrl_135
3,control,3,10,ego_ctrl_136
4,control,3,11,ego_ctrl_137
2,control,3,12,ego_ctrl_138
1,control,3,13,ego_ctrl_139
1,control,3,14,ego_ctrl_140
3,control,3,15,ego_ctrl_141
1,control,3,16,ego_ctrl_142
2,control,3,17,ego_ctrl_143
1,control,3,18,ego_ctrl_144
5,control,4,1,ego_ctrl_127
3,control,4,2,ego_ctrl_128
3,control,4,3,ego_ctrl_129
6,control,4,4,ego_ctrl_130
3,control,4,5,ego_ctrl_131
1,control,4,6,ego_ctrl_132
1,control,4,7,ego_ctrl_133
6,control,4,8,ego_ctrl_134
3,control,4,9,ego_ctrl_135
3,control,4,10,ego_ctrl_136
3,control,4,11,ego_ctrl_137
3,control,4,12,ego_ctrl_138
1,control,4,13,ego_ctrl_139
2,control,4,14,ego_ctrl_140
4,control,4,15,ego_ctrl_141
0,control,4,16,ego_ctrl_142
2,control,4,17,ego_ctrl_143
3,control,4,18,ego_ctrl_144
4,control,5,1,ego_ctrl_127
3,control,5,2,ego_ctrl_128
4,control,5,3,ego_ctrl_129
4,control,5,4,ego_ctrl_130
2,control,5,5,ego_ctrl_131
4,control,5,6,ego_ctrl_132
2,control,5,7,ego_ctrl_133
4,control,5,8,ego_ctrl_134
2,control,5,9,ego_ctrl_135
4,control,5,10,ego_ctrl_136
1,control,5,11,ego_ctrl_137
1,control,5,12,ego_ctrl_138
4,control,5,13,ego_ctrl_139
0,control,5,14,ego_ctrl_140
1,control,5,15,ego_ctrl_141
0,control,5,16,ego_ctrl_142
0,control,5,17,ego_ctrl_143
3,control,5,18,ego_ctrl_144
5,control,2,1,ego_ctrl_145
2,control,2,2,ego_ctrl_146
4,control,2,3,ego_ctrl_147
2,control,2,4,ego_ctrl_148
3,control,2,5,ego_ctrl_149
3,control,2,6,ego_ctrl_150
2,control,2,7,ego_ctrl_151
2,control,2,8,ego_ctrl_152
4,control,2,9,ego_ctrl_153
0,control,2,10,ego_ctrl_154
3,control,2,11,ego_ctrl_155
1,control,2,12,ego_ctrl_156
1,control,2,13,ego_ctrl_157
1,control,2,14,ego_ctrl_158
5,control,2,15,ego_ctrl_159
2,control,2,16,ego_ctrl_160
2,control,2,17,ego_ctrl_161
1,control,2,18,ego_ctrl_162
5,control,3,1,ego_ctrl_145
4,control,3,2,ego_ctrl_146
3,control,3,3,ego_ctrl_147
2,control,3,4,ego_ctrl_148
4,control,3,5,ego_ctrl_149
3,control,3,6,ego_ctrl_150
2,control,3,7,ego_ctrl_151
0,control,3,8,ego_ctrl_152
3,control,3,9,ego_ctrl_153
1,control,3,10,ego_ctrl_154
0,control,3,11,ego_ctrl_155
1,control,3,12,ego_ctrl_156
1,control,3,13,ego_ctrl_157
2,control,3,14,ego_ctrl_158
5,control,3,15,ego_ctrl_159
2,control,3,16,ego_ctrl_160
1,control,3,17,ego_ctrl_161
0,control,3,18,ego_ctrl_162
6,control,4,1,ego_ctrl_145
3,control,4,2,ego_ctrl_146
3,control,4,3,ego_ctrl_147
3,control,4,4,ego_ctrl_148
3,control,4,5,ego_ctrl_149
2,control,4,6,ego_ctrl_150
3,control,4,7,ego_ctrl_151
3,control,4,8,ego_ctrl_152
1,control,4,9,ego_ctrl_153
0,control,4,10,ego_ctrl_154
1,control,4,11,ego_ctrl_155
4,control,4,12,ego_ctrl_156
2,control,4,13,ego_ctrl_157
0,control,4,14,ego_ctrl_158
5,control,4,15,ego_ctrl_159
3,control,4,16,ego_ctrl_160
1,control,4,17,ego_ctrl_161
0,control,4,18,ego_ctrl_162
6,control,5,1,ego_ctrl_145
1,control,5,2,ego_ctrl_146
3,control,5,3,ego_ctrl_147
4,control,5,4,ego_ctrl_148
3,control,5,5,ego_ctrl_149
4,control,5,6,ego_ctrl_150
3,control,5,7,ego_ctrl_151
2,control,5,8,ego_ctrl_152
0,control,5,9,ego_ctrl_153
4,control,5,10,ego_ctrl_154
5,control,5,11,ego_ctrl_155
2,control,5,12,ego_ctrl_156
0,control,5,13,ego_ctrl_157
1,control,5,14,ego_ctrl_158
3,control,5,15,ego_ctrl_159
2,control,5,16,ego_ctrl_160
3,control,5,17,ego_ctrl_161
1,control,5,18,ego_ctrl_162
4,control,2,1,ego_ctrl_163
5,control,2,2,ego_ctrl_164
1,control,2,3,ego_ctrl_165
5,control,2,4,ego_ctrl_166
4,control,2,5,ego_ctrl_167
3,control,2,6,ego_ctrl_168
4,control,2,7,ego_ctrl_169
4,control,2,8,ego_ctrl_170
1,control,2,9,ego_ctrl_171
2,control,2,10,ego_ctrl_172
4,control,2,11,ego_ctrl_173
0,control,2,12,ego_ctrl_174
3,control,2,13,ego_ctrl_175
1,control,2,14,ego_ctrl_176
3,control,2,15,ego_ctrl_177
2,control,2,16,ego_ctrl_178
0,control,2,17,ego_ctrl_179
2,control,2,18,ego_ctrl_180
4,control,3,1,ego_ctrl_163
2,control,3,2,ego_ctrl_164
2,control,3,3,ego_ctrl_165
3,control,3,4,ego_ctrl_166
3,control,3,5,ego_ctrl_167
4,control,3,6,ego_ctrl_168
4,control,3,7,ego_ctrl_169
3,control,3,8,ego_ctrl_170
2,control,3,9,ego_ctrl_171
2,control,3,10,ego_ctrl_172
5,control,3,11,ego_ctrl_173
1,control,3,12,ego_ctrl_174
3,control,3,13,ego_ctrl_175
1,control,3,14,ego_ctrl_176
2,control,3,15,ego_ctrl_177
3,control,3,16,ego_ctrl_178
1,control,3,17,ego_ctrl_179
0,control,3,18,ego_ctrl_180
4,control,4,1,ego_ctrl_163
3,control,4,2,ego_ctrl_164
2,control,4,3,ego_ctrl_165
3,control,4,4,ego_ctrl_166
6,control,4,5,ego_ctrl_167
4,control,4,6,ego_ctrl_168
6,control,4,7,ego_ctrl_169
2,control,4,8,ego_ctrl_170
1,control,4,9,ego_ctrl_171
1,control,4,10,ego_ctrl_172
6,control,4,11,ego_ctrl_173
2,control,4,12,ego_ctrl_174
4,control,4,13,ego_ctrl_175
1,control,4,14,ego_ctrl_176
3,control,4,15,ego_ctrl_177
2,control,4,16,ego_ctrl_178
2,control,4,17,ego_ctrl_179
0,control,4,18,ego_ctrl_180
4,control,5,1,ego_ctrl_163
3,control,5,2,ego_ctrl_164
4,control,5,3,ego_ctrl_165
5,control,5,4,ego_ctrl_166
4,control,5,5,ego_ctrl_167
2,control,5,6,ego_ctrl_168
3,control,5,7,ego_ctrl_169
3,control,5,8,ego_ctrl_170
0,control,5,9,ego_ctrl_171
2,control,5,10,ego_ctrl_172
4,control,5,11,ego_ctrl_173
0,control,5,12,ego_ctrl_174
2,control,5,13,ego_ctrl_175
3,control,5,14,ego_ctrl_176
2,control,5,15,ego_ctrl_177
2,control,5,16,ego_ctrl_178
0,control,5,17,ego_ctrl_179
1,control,5,18,ego_ctrl_180